<?xml version="1.0" encoding="UTF-8"?>
<beans xmlns="http://www.springframework.org/schema/beans"
	xmlns:xsi="http://www.w3.org/2001/XMLSchema-instance" xmlns:mvc="http://www.springframework.org/schema/mvc"
	xmlns:context="http://www.springframework.org/schema/context"
	xsi:schemaLocation="http://www.springframework.org/schema/mvc http://www.springframework.org/schema/mvc/spring-mvc-3.1.xsd
		http://www.springframework.org/schema/beans http://www.springframework.org/schema/beans/spring-beans.xsd
		http://www.springframework.org/schema/context http://www.springframework.org/schema/context/spring-context-3.1.xsd">

	<context:component-scan base-package="kr.kosa.destiny.upload.controller" />
	<context:component-scan base-package="kr.kosa.destiny.analytics.controller" />

	<mvc:annotation-driven />

	<bean
		class="org.springframework.web.servlet.view.InternalResourceViewResolver">
		<property name="prefix" value="/WEB-INF/views/" />
		<property name="suffix" value=".jsp" />
	</bean>

	<mvc:view-controller path="/" view-name="home" />

	<mvc:resources location="/WEB-INF/resources/" mapping="/**" />
	<mvc:resources location="/WEB-INF/resources/img/" mapping="/img/**" />
	<mvc:resources location="/WEB-INF/resources/js/" mapping="/js/**" />
	<mvc:resources location="/WEB-INF/resources/css/" mapping="/css/**" />
	<mvc:resources location="/WEB-INF/resources/html/" mapping="/html/**"/>

	<bean id="multipartResolver"
		class="org.springframework.web.multipart.commons.CommonsMultipartResolver">
		<property name="maxUploadSize">
			<value>50000000</value>
		</property>
	</bean>
	<bean id="messageSource"
		class="org.springframework.context.support.ReloadableResourceBundleMessageSource">
		<property name="defaultEncoding" value="UTF-8" />
		<property name="basenames">
			<list>
				<value>classpath:i18n/hr</value>
			</list>
		</property>
	</bean>

</beans>
